ELEVATORIAS,PLANTA,TIPO,ENDEREÇO,BAIRRO,MUNICIPIO,CEP
ADOLFO BERGAMINI / ALTO MILITÂO,PL-RJB-EAT0093,EAT,"Estr. Gen. Mena Barreto, 821 - Novo Horizonte, Nilópolis - RJ, 26535-330",Novo Horizonte,NILÓPOLIS,26535-330
AMAURI GUIMARAES,PL-RJB-EAT0687,EAT,"R. Ângela Maria, 2 - Posse, Nova Iguaçu - RJ, 26089-175",Floresta,NOVA IGUAÇU,26031-200
ÂNGELA MARIA,PL-RJB-EAT0088,EAT,"R. Oliveiros Rodrigues Alves, 130 - Jardim da Posse, Nova Iguaçu - RJ, 26030-010",Jardim da Posse,NOVA IGUAÇU,26030-010
ANTONIO VALDIGEM,PL-RJB-EAT0736,EAT,"R. Antonio Valdigem, 51 - Queimados, RJ, 26385-300",Vila das porteiras,QUEIMADOS,26385-300
BEIRA LINHA,PL-RJB-EAT0688,EAT,Av Beira Linha 275 - Miguel Couto - Nova Iguaçu,Miguel Couto,NOVA IGUAÇU,26070-320
BELO HORIZONTE,PL-RJB-EAT0083,EAT,"R. Jequitia, 300 - Nova América, Nova Iguaçu - RJ, 26021-630",Nova América,NOVA IGUAÇU,26021-630
BOOSTER AUSTIN,PL-RJB-EAT0695,EAT,"R. Araicas, 27 - Austin, Nova Iguaçu - RJ, 26086-320",Largo dos peixes,QUEIMADOS,26086-320
BOOSTER BRASÍLIA,PL-RJB-EAT1005,EAT,"R. Prof. Venina Correa Torres, 23 - Centro, Nova Iguaçu - RJ, 26220-100",Centro,NOVA IGUAÇU,26220-100
BOOSTER CABUÇU ALTO,PL-RJB-EAT0689,EAT,"R. José Cabral, 448 - Cabuçu, Nova Iguaçu - RJ, 26290-048",Cabuçu,NOVA IGUAÇU,26290-048
BOOSTER ENGENHEIRO PEDREIRA,PL-RJB-EAT0122,EAT,"Cidade Jardim Marajoara, Japeri - RJ, 26420-243",Jardim Marajoara,JAPERI,26420-243
BOOSTER JK,PL-RJB-EAT0746,EAT,"R. da Cascata, 60 - Pres. Juscelino, Mesquita - RJ, 26557-700",Pres. Juscelino,MESQUITA,26557-700
BOOSTER POSSE,PL-RJB-EAT0042,EAT,"Estrada velha de Iguaçu, 812 - Miguel Couto , Belford Roxo - RJ",Miguel Couto,NOVA IGUAÇU,26145-420
BURITI,PL-RJB-EAT0684,EAT,"R. Freitas De Aguiar, 13 - Eucalipto, Japeri - RJ, 26453-325",Eucalipto,JAPERI,26453-325
CAIÇARA,PL-RJB-EAT0048,EAT,"Tv. Benjamim Chanbarelli, 30 - Caonze, Nova Iguaçu - RJ, 26250-120",Jardim da Posse,NOVA IGUAÇU,26021-072
CAIXA VELHA,PL-RJB-EAT0011,EAT,"R. Tab. Murilo Costa, 140 - Centro",Centro,NOVA IGUAÇU,26255-130
CABUÇU BAIXO,PL-RJB-EAT0847,EAT,"Av. Abílio Augusto Távora, 5157 - Vl Valverde, Nova Iguaçu - RJ, 26290-717",Vl Valverde,NOVA IGUAÇU,26290-717
CANADENSE,PL-RJB-EAT0056,EAT,"Rua Gen. Olímpio da Fonseca, 917 - Paiol de Pólvora, Nilópolis - RJ, 26545-470",Paiol de Pólvora,NILÓPOLIS,26545-470
CARAMUJOS,PL-RJB-EAT0835,EAT,"R. Cruz Alta, 2-8 - Parque do Ipanema, Queimados - RJ, 26320-330",Parque do Ipanema,QUEIMADOS,26320-330
CARLOS SAMPAIO,PL-RJB-EAT0822,EAT,"R. Lúcia Maria Piper, 50 - Adrianópolis, Nova Iguaçu - RJ, 26053-075",Adrianopolis,NOVA IGUAÇU,0
CAONZE,PL-RJB-EAT0821,EAT,"R. Ver. Hélcio Chambarelli - Caonze, Nova Iguaçu - RJ, 26250-170",Caonze,NOVA IGUAÇU,26250-170
CASA DE CUSTÓDIA COTRIN NETO,PL-RJB-EAT1016,EAT,"R. Assul, Jd Belo Horizonte, Japeri - RJ, 26480-400",Jd Belo Horizonte,JAPERI,26480-400
CEFET,PL-RJB-EAT0108,EAT,"R. Ademar Guimarães, 17 - Jardim Monte Castelo, Nova Iguaçu - RJ, 26041-600",Santa Rita,NOVA IGUAÇU,26041-271
CHATUBA,PL-RJB-EAT0741,EAT,"Rua Marques Canário, 667 - Chatuba - Mesquita - RJ, 26585-520",Chatuba,MESQUITA,26585-520
CITROPOLIS,PL-RJB-EAT0833,EAT,"R. Tóquio, 38 - Citrópolis, Japeri - RJ, 26425-340",Citrópolis,JAPERI,26425-340
DANON,PL-RJB-EAT0816,EAT,"R. Luís Ferreira, 3 - Pioneiro, Nova Iguaçu - RJ, 26294-300",Pioneiro,NOVA IGUAÇU,26271-350
DAS ROSAS,PL-RJB-EAT0836,EAT,"Rancho Fundo, Nova Iguaçu - RJ, 26051-370",Rancho Fundo,NOVA IGUAÇU,26051-370
DA SERRA,PL-RJB-EAT0848,EAT,"R. Soares Couto, 361 - Santa Terezinha, Mesquita - RJ, 26554-220",Santa Terezinha,MESQUITA,26554-220
DINAMARCO REIS,PL-RJB-EAT0069,EAT,"R. Dinamarco Réis, 48 - Joaquim De Almeida Flores, Nilópolis - RJ, 26545-230",Joaquim De Almeida Flores,NILÓPOLIS,26545-230
DIVINO,PL-RJB-EAT0834,EAT,"Av. Luigi Giobi, 26 - Vila do Tinguá, Queimados - RJ, 26383-340",Vila do Tinguá,QUEIMADOS,26383-340
DORALICE,PL-RJB-EAT0761,EAT,"Rua Doralice 235, Caixa DAgua - Queimados",Caixa DAgua,QUEIMADOS,0
EDNA,PL-RJB-EAT0062,EAT,"Av. Henrique Duque Estrada Meyer, 690-798 - Ponto Chic, Nova Iguaçu - RJ, 26041-061",Ponto Chic,NOVA IGUAÇU,26041-061
EDUARDO CELIDÔNIO,PL-RJB-EAT0693,EAT,"R. A, 1 - Vila Camarim, Queimados - RJ, 26383-522",Vila Camarim,QUEIMADOS,26383-522
EL SHADAY,PL-RJB-EAT0104,EAT,"R. Márcio Vieira de Oliveira, 372 - Austin, Nova Iguaçu - RJ, 26086-215",AUSTIN,NOVA IGUAÇU,26086-215
ENGENHARIA,PL-RJB-EAT0117,EAT,"Av. Henrique Duque Estrada Meyer, 395 - Alto da Posse, Nova Iguaçu - RJ, 26030-380",Posse,NOVA IGUAÇU,26041-061
ESPLANADA,PL-RJB-EAT0075,EAT,"Estr. da Fazenda, 2-264 - Jardim da Viga, Nova Iguaçu - RJ, 26013-470",Jardim da Viga,NOVA IGUAÇU,26013-470
EXPEDICIONARIOS,PL-RJB-EAT0066,EAT,"Estrada dos Expedicionário, 1264, Paiol, Nilópolis - RJ, 26540-020",Paiol,NILÓPOLIS,26540-020
ETE LAGOINHA,PL-RJB-ETE0040,ETE,"R. Dez, 47 - Lagoinha, Nova Iguaçu - RJ, 26296-069",Lagoinha,NOVA IGUAÇU,26296-069
FLORESTA MIRANDA,PL-RJB-EAT0065,EAT,"Rua Floresta Miranda, 257 - Centro, Nova Iguaçu - RJ, 26250-060",Centro,NOVA IGUAÇU,26250-060
FRANCISCO XAVIER,PL-RJB-EAT0082,EAT,"Próximo a R. Francisco Xavier, 801 - São Gabriel, Nova Iguaçu - RJ, 26021-650",São Gabriel,NOVA IGUAÇU,26021-650
GAMA,PL-RJB-EAT0110,EAT,"Estr. da Gama, 721 - Cerâmica, Nova Iguaçu - RJ, 26035-220",Posse,NOVA IGUAÇU,26030-200
GOLDEN GATE,PL-RJB-EAT0691,EAT,"R. Amazor Moreira Prisco, 154 - Centro, Nova Iguaçu - RJ, 26255-250",Centro,NOVA IGUAÇU,26255-250
GRAMA,PL-RJB-EAT0745,EAT,"Estr. da Grama, 1743 - Jardim Fonte Sao Miguel, Nova Iguaçu - RJ, 26060-015",Jardim Fonte Sao Miguel,NOVA IGUAÇU,26060-015
GRANJA ROSALINA,PL-RJB-EAT0811,EAT,Rua José Alexandre esquina com a Estr. Campo Alegre,Granja Rosalina,QUEIMADOS,26317-180
HADDOCK LOBO,PL-RJB-EAT1013,EAT,"R. Adoc Lôbo, 10 - Vila do Tinguá, Queimados - RJ, 26385-380",Vila do Tinguá,QUEIMADOS,26385380
IARA,PL-RJB-EAT0837,EAT,"R. Manuel Rodrigues de Sá Panela, 214-302 - Cacuia, Nova Iguaçu - RJ, 26082-215",Cacuia,NOVA IGUAÇU,26082-215
INDIA PORTUGUESA,PL-RJB-EAT0087,EAT,"R. Antônio Pereira de Carvalho, 34 - Centro, Nilópolis - RJ, 26540-000",Centro,NILÓPOLIS,26540-000
ITAPEMIRIM,PL-RJB-EAT0109,EAT,"R. Rio Douro, 79 - Itaipu, Belford Roxo - RJ, 26143-500",Itaipu,BELFORD ROXO,26143-500
ITAPAGE,PL-RJB-EAT0830,EAT,"R. Itapage, 440, Queimados - RJ, 26381-429",Laranjal,QUEIMADOS,26381-429
ITORORÓ,PL-RJB-EAT0748,EAT,"R. Itororó, 246 - Vila Guimaraes, Queimados - RJ, 26340-250",Vila Guimaraes,QUEIMADOS,26340-250
IVO MIRANDA,PL-RJB-EAT0053,EAT,"Rua Ivo de Miranda Monte, 28, Banco de Areia, Mesquita - RJ, 26574-770",Banco de Areia,MESQUITA,26574-770
JOSE VIRGILIO DO PRADO,PL-RJB-EAT0694,EAT,"R. das Crianças, 257 - Vila Nascente, Queimados - RJ, 26327-210",Vila Nascente,QUEIMADOS,26325-030
LAGOINHA,PL-RJB-EEE0082,EEE,"R. Quarenta e Sete, 62 - Conj. Campo Belo, Nova Iguaçu - RJ, 26296-099",Campo Belo,NOVA IGUAÇU,26296-099
LAGOINHA II,PL-RJB-EEE0083,EEE,"R. Zero, 195 - Lagoinha, Nova Iguaçu - RJ, 26296-024",Campo Belo,NOVA IGUAÇU,0
LIBANEA,PL-RJB-EAT0046,EAT,"R. Libânia, 2-144 - Vila Emil, Mesquita - RJ, 26551-200",Vila Emil,MESQUITA,26551-200
LIBERDADE,PL-RJB-EAT0045,EAT,"Rua Mario Pereira Lima, 140 - Lote 9 - Austin - Nova Iguaçu",Austin,NOVA IGUAÇU,0
LUCIO TAVARES,PL-RJB-EAT0043,EAT,"R. Lúcio Tavares - Centro, Nilópolis - RJ, 26535-001",Centro,NILÓPOLIS,26535-001
MACIEL,PL-RJB-EAT0747,EAT,"R. Ver. José Virgílio do Prado, 79 - Vila Nascente, Queimados - RJ, 26325-050",Vila Nascente,QUEIMADOS,26325-050
MANOEL REIS,PL-RJB-EAT0040,EAT,"R. Dr. Manoel Reis, 405 - Olinda, Nilópolis - RJ, 26510-182",Olinda,NILÓPOLIS,26510-182
MAURICIA BORGES,PL-RJB-EAT0032,EAT,"Rua Maurícia Borges, 314 - Banco de Areia, Mesquita - RJ, 26564-021",Banco de Areia,MESQUITA,26564-021
MELVIN JONES,PL-RJB-EAT0031,EAT,"R. Gov. Portela, 331 - Centro, Nova Iguaçu - RJ, 26221-030",Centro,NOVA IGUAÇU,26221-130
MENA BARRETO,PL-RJB-EAT0030,EAT,"R. Otaciano, 96 - Novo Horizonte, Nilópolis - RJ, 26535-430",Novo Horizonte,NILÓPOLIS,26535-430
MESQUITA G1,PL-RJB-EAT0086,EAT,"Rua Augusto Cardoso, 240 - Coréia, Mesquita, RJ - 26556-030",Coréia,MESQUITA,26556-030
MORRO DA COCADA,PL-RJB-EAT0068,EAT,"R. Doná Orminda, 23 - Andrade Araujo, Nova Iguaçu - RJ, 26010-450",Andrade Araujo,NOVA IGUAÇU,26010-450
MORRO DA TORRE,PL-RJB-EAT1014,EAT,"R. Mirante, 289-193 - Flesmam, Queimados - RJ, 26325-200",Flesmam,QUEIMADOS,26325-200
MORRO DA MOENDA,PL-RJB-EAT0039,EAT,"Rua Manuel Rodrigues de Sá Panela, 25 - Cacuia - Nova Iguaçu -RJ",Cacuia,NOVA IGUAÇU,26082-250
MORRO DO TEMPERO,PL-RJB-EAT0738,EAT,"Estrada Carlos Sampaio ,78 - Austin - Nova Iguaçu",Austin,NOVA IGUAÇU,26088-230
MORRO DOS 40,PL-RJB-EAT0832,EAT,"R. José Assis Ferreira, 91 - Centro de Japeri, Japeri - RJ, 26435-267",Centro,JAPERI,26435-267
NESTOR MARINHO,PL-RJB-EAT0825,EAT,"R. Nestor Marinho, 14 - Jardim Nossa Sra. das Gracas, Nova Iguaçu - RJ, 26261-230",Jardim Alvorada,NOVA IGUAÇU,26261-230
NILÓPOLIS,PL-RJB-EAT0113,EAT,"Av. Nazaré, 3076 - Olinda, Nilópolis - RJ, 21645-010",Olinda,NILÓPOLIS,21645-010
NILO PECANHA (CEMITERIO),PL-RJB-EAT0024,EAT,"R. Dep. Andrade Figueira, 826 - Cabuís, Nilópolis - RJ, 26545-191",Cabuís,NILÓPOLIS,26545-191
ODILON BRAGA,PL-RJB-EAT0737,EAT,"R. Odilon Braga, 119 - Queimados, RJ, 26310-190",Centro,QUEIMADOS,26310-190
NOÊMIA VIEIRA,PL-RJB-EAT0124,EAT,"Av. Abílio Augusto Távora, 3715 - Jardim Alvorada, Nova Iguaçu - RJ, 26265-090",Jardim Alvorada,NOVA IGUAÇU,26265-090
OLIVIA MARIA MACHADO,PL-RJB-EAT0735,EAT,"R. Olívia Maria Machado, 145 - Vila Santa Catarina, Queimados - RJ, 26323-400",Vila Santa Catarina,QUEIMADOS,26323-400
PADRE VIEIRA,PL-RJB-EAT0022,EAT,"Rua Nair Dias, 657 - Vila São Luís, Nova Iguaçu - RJ, 26012-451",Vila São Luís,NOVA IGUAÇU,26012-451
PAIOL,PL-RJB-EAT0050,EAT,"Rua Gen. Olímpio da Fonseca, 917 - Paiol de Pólvora, Nilópolis - RJ, 26545-470",Paiol de Pólvora,NILÓPOLIS,26545-470
PALHADA,PL-RJB-EAT0044,EAT,"Estr. da Palhada, 2337 - Valverde, Nova Iguaçu - RJ, 26290-006",Valverde,NOVA IGUAÇU,26290-006
PARQUE MARAVILHA,PL-RJB-EAT0733,EAT,"Estrada da Gama, 815 - Oliveira - Nova Iguaçu",Oliveira,NOVA IGUAÇU,0
PASTOR ANTONIO MARTINS,PL-RJB-EAT0823,EAT,"R. Rui Chagas, 07 - q 17 loja 01 sala 04 - Flesmam, Queimados - RJ, 26383-320",Flesmam,QUEIMADOS,26383-320
PRAÇA DA BÍBLIA,PL-RJB-EAT0692,EAT,"R. Olímpia Silva, 16 - Centro, Queimados - RJ, 26327-380",Pacaembu,QUEIMADOS,26330-260
QUEIMADOS,PL-RJB-EAT0697,EAT,"Estr. Carlos Sampaio, 176 - São Simao, Queimados - RJ, 26327-410",São Simao,QUEIMADOS,26327-410
QUISSUCO,PL-RJB-EAT0102,EAT,"Estr. Padre José Anchieta, 76 - Laranjal Santo Antonio",Laranjal,QUEIMADOS,0
PINDORAMA,PL-RJB-EAT0099,EAT,"R. Itaparica, 16 - Banco de Areia, Mesquita - RJ, 26570-250",Banco de Areia,MESQUITA,26570-250
RESERVATÓRIO CABUÇU ALTO,PL-RJB-RES0113,RES,"Próximo Rua Passa Vinte, Nova Iguaçu - RJ 26290",Campo Alegre,NOVA IGUAÇU,26290-000
RESERVATÓRIO NILÓPOLIS,PL-RJB-RES0107,RES,"Rua Antônio Pereira de Carvalho, Próximo ao n. 217",CENTRO,NILÓPOLIS,
RODILÂNDIA,PL-RJB-EAT0059,EAT,"Rua Rodolfo Torres,67 - Rodilandia - Nova Iguaçu",Rodilandia,NOVA IGUAÇU,0
ROLDAO GONCALVES,PL-RJB-EAT0017,EAT,"R. João Rodrigues da Cunha, 1174 - Olinda, Nilópolis - RJ, 26510-049",Olinda,NILÓPOLIS,26510-049
SANTO ELIAS,PL-RJB-EEE1006,EEE,"R. Teresinha, 320 - Jacutinga, Mesquita - RJ, 26564-240",Jacutinga,MESQUITA,24064-240
SANTO ANTÔNIO,PL-RJB-EAT0014,EAT,"R. Santo Antônio, 9 - Califórnia, Nova Iguaçu - RJ, 26010-050",Califórnia,NOVA IGUAÇU,26010-050
SÃO JOAQUIM,PL-RJB-EAT0824,EAT,"Estr. Manuel Resende, 568, Nova Iguaçu - RJ, 26083-530",Rodilândia,NOVA IGUAÇU,26083-530
SÃO JORGE,PL-RJB-ETE1007,ETE,"Rua Gastão Costa, 56, São Jorge, Queimados - RJ, 26381-324",São Jorge,QUEIMADOS,26381-324
SHEIK REJANE,PL-RJB-EAT0831,EAT,"R. Cheik Rejane, 2-380 - São Jorge, Japeri - RJ, 26435-270",São Jorge,JAPERI,26435-270
TABELIÃO MURILO COSTA,PL-RJB-EAT0751,EAT,"R. Cel. Alfredo Soares, 101 - Centro, Nova Iguaçu - RJ, 26255-150",Centro,NOVA IGUAÇU,26255-150
TACIANO MANACÁ,PL-RJB-EAT0829,EAT,"R. Taciano Manacá, 101 - São Francisco, Queimados - RJ",Sao Francisco,QUEIMADOS,0
TIMBO,PL-RJB-EAT0739,EAT,"R. Timbó, 10 - Vila das Porteiras, Queimados - RJ, 26385-396",Vila das Porteiras,QUEIMADOS,26385-396
VISTA ALEGRE,PL-RJB-EAT0828,EAT,"R. Gurupi Ac R Padre Jose Anchietpa, 72 - Sao Francisco, Queimados - RJ, 26381-348",Sao Francisco,QUEIMADOS,26381-348
TRÊS CORAÇÕES,PL-RJB-EAT0061,EAT,"R. Pindá, 20-66 - Posse, Nova Iguaçu - RJ, 26022-550",Posse,NOVA IGUAÇU,26022-550
YOLANDA,PL-RJB-EAT0817,EAT,"Rua Caminho de Madureira, s/n - Iolanda, Nova Iguaçu - RJ, 26277-425",Yolanda,NOVA IGUAÇU,26277-425
WALLACE PAES LEME,PL-RJB-EAT0098,EAT,"Rua Pracinha Wallace Paes Leme, 523 - Olinda, Nilópolis - RJ, 26510-044",Olinda,NILÓPOLIS,26510-044
3º LINHA PRETA,PL-RJB-EAT0849,EAT,"Tv. Guaranis - Heliópolis, Belford Roxo",Heliópolis,Belford Roxo,26140-014
CLUBE 34,PL-RJB-EAT0861,EAT,"R. Rio de Janeiro, 63 - Jardim Paraíso, Nova Iguaçu - RJ, 26086-005",Jardim Paraíso,NOVA IGUAÇU,26086-005
MONTE LIBANO,PL-RJB-EAT0774,EAT,RUA DAMAS BATISTA 872 - CENTRO - NOVA IGUAÇU,CENTRO,NOVA IGUAÇU,26220-180
CHATUBA,PL-RJB-EEE0073,EEE,"Rua Magno de Carvalho, 546 - Edson Passos, Mesquita - RJ, 26587-021",Edson Passos,MESQUITA,26587-021
VILA NORMA,PL-RJB-EEE1100,EEE,"Av. Laura Gonçalves Machado, 255 - Cosmorama, Mesquita - RJ, 26572-360",Cosmorama,MESQUITA,26572-360
BANCO DE AREIA,PL-RJB-EEE0100,EEE,"R. Bicuíba, 399 - Banco de Areia",Banco de Areia,MESQUITA,26570-090
VILA RORAIMA,PL-RJB-EAT0723,EAT,Rua sagres 97,VALVERDE,NOVA IGUAÇU,
VILA RORAIMA 2,,CONTAINER,,,NOVA IGUAÇU,
DA SERRA,PL-RJB-EAT0848,EAT,"R. Soares Couto, 361 - Santa Terezinha, Mesquita - RJ, 26554-220",SANTA TEREZINHA,MESQUITA,26554-220
SANTA RITA,PL-RJB-EAT0744,EAT,"Rua Coronel Alberto de Melo, 809 – Vila de Cava – Nova Iguaçu - RJ, 26052-050",Vila de Cava,NOVA IGUAÇU,26052-050
BOOSTER BNH,PL-RJB-EAT0775,CONTAINER,"Av. Pres. Kennedy, 661-645 - BNH",BNH,MESQUITA,26574-600
BIQUINHA,PL-RJB-EAT0724,EAT,"R do Comércio, 831-801",TINGUÁ,NOVA IGUAÇU,26062-000
BAIXO PEDREIRA,,EAT,,,NOVA IGUAÇU,
BENTO RUBIÃO,,EAT,,,NOVA IGUAÇU,
AMBAÍ,,EAT,,,NOVA IGUAÇU,
JAQUEIRA,,CONTAINER,,,QUEIMADOS,
MORRO DA PAZ,,CONTAINER,,,QUEIMADOS,
COLOMBO,,CONTAINER,,,QUEIMADOS,
DONA AFRA,,CONTAINER,,,NOVA IGUAÇU,
CARLOS MONSANTE,,CONTAINER,,,NOVA IGUAÇU,
BEIRA RIO,,CONTAINER,,,JAPERI,
ADIBE SAAD,,CONTAINER,,,QUEIMADOS,
SÃO SIMÃO,,CONTAINER,,,QUEIMADOS,
NÉLIO CHAMBARELLI,,EAT,,,QUEIMADOS,
MESSIAS,,EAT,,,JAPERI,
CHACRINHA,,CONTAINER,,,JAPERI,
NOVA CIDADE,,CONTAINER,,,NILÓPOLIS,
BOA ESPERANÇA,,CONTAINER,,,NOVA IGUAÇU,
TINGUAZINHO,,CONTAINER,,,NOVA IGUAÇU,
BELA VISTA,,EAT,,,NOVA IGUAÇU,
COMENDADOR SOARES,,CONTAINER,,,NOVA IGUAÇU,
MANOEL DIAS,,EAT,,,NOVA IGUAÇU,
CAMBURI,,EAT,,,QUEIMADOS,
MORRO DO TINGUAZINHO,,EAT,,,NOVA IGUAÇU,
MORRO AGUDO,,CONTAINER,,,NOVA IGUAÇU,
AEROCLUBE,,CONTAINER,,,NOVA IGUAÇU,
BNH 2,,CONTAINER,,,MESQUITA,
Morro do Cruzeiro,,CONTAINER,,,NOVA IGUAÇU,
Praça do Cabuçu,,CONTAINER,,,,
Paulo Miranda,,CONTAINER,,,,
DANON 2,,,,,,
